id,producto,color,talla,fecha
"3,""Sueter NASA C$580"",""Negro"",""XS"",2019-07-01 00:00:00"
"3,""Sueter NASA C$580"",""Negro"",""XS"",2019-07-01 00:00:00"
"1,""Camiseta de Naruto C$240"",""Negro"",""M"",2019-07-01 00:00:00        "
"1,""Camiseta de Naruto C$240"",""Negro"",""M"",2019-07-01 00:00:00        "
"4,""Camiseta de Stitch C$240"",""Negro"",""XS"",2022-09-06 06:41:28        "
"4,""Camiseta de Stitch C$240"",""Negro"",""S"",2021-12-01 15:28:05        "
"2,""Sueter BTSpersonSC$580 "",""Negro"",""XS"",2021-05-31 15:01:38       "
"2,""Sueter BTSpersonSC$580 "",""Blanco"",""XL"",2021-10-05 20:36:08      "
"3,""Sueter NASA C$580"",""Negro"",""M"",2021-07-29 03:08:49"
"2,""Sueter BTSpersonSC$580 "",""Negro"",""M"",2020-11-09 13:52:34       "
"3,""Sueter NASA C$580"",""Gris"",""S"",2020-03-22 11:01:03"
"2,""Sueter BTSpersonSC$580 "",""Negro"",""S"",2021-07-07 02:43:10       "
"5,""Sueter JuegoSdeLCalamar C$580"",""Rosado"",""S"",2020-11-10 00:53:33"
"6,""CropTop Planeta C$270"",""Blanco"",""XL"",2022-10-06 23:11:16"
"8,""Camiseta Anime C$270"",""Rosado"",""XS"",2020-06-21 19:44:27"
"5,""Sueter JuegoSdeLCalamar C$580"",""Gris"",""XL"",2022-02-13 01:07:55  "
"3,""Sueter NASA C$580"",""Rosado"",""S"",2021-03-27 01:06:40"
"7,""Sueter de Rick and Morty C$580"",""Blanco"",""S"",2020-03-03 10:26:05"
"5,""Sueter JuegoSdeLCalamar C$580"",""Negro"",""M"",2020-10-21 22:20:24"
"1,""Camiseta de Naruto C$240"",""Negro"",""S"",2022-04-16 23:31:23"
"5,""Sueter JuegoSdeLCalamar C$580"",""Negro"",""S"",2021-01-24 09:32:26"
"7,""Sueter de Rick and Morty C$580"",""Azul"",""XL"",2021-05-29 08:23:48"
"2,""Sueter BTSpersonSC$580 "",""Blanco"",""L"",2021-02-09 14:47:37"
"6,""CropTop Planeta C$270"",""Negro"",""XL"",2021-05-10 10:04:12"
"6,""CropTop Planeta C$270"",""Blanco"",""L"",2021-01-14 09:21:14"
"3,""Sueter NASA C$580"",""Negro"",""S"",2021-02-02 17:49:52"
"4,""Camiseta de Stitch C$240"",""Blanco"",""S"",2021-01-09 07:06:44"
"2,""Sueter BTSpersonSC$580 "",""Blanco"",""L"",2022-04-24 14:25:29"
"3,""Sueter NASA C$580"",""Negro"",""M"",2020-08-29 00:05:52"
"6,""CropTop Planeta C$270"",""Rosado"",""XS"",2020-03-05 01:09:30"
"3,""Sueter NASA C$580"",""Azul"",""L"",2022-05-09 18:09:10"
"1,""Camiseta de Naruto C$240"",""Rosado"",""M"",2022-01-03 18:32:33"
"2,""Sueter BTSpersonSC$580 "",""Rosado"",""XL"",2022-05-10 19:11:15"
"3,""Sueter NASA C$580"",""Blanco"",""M"",2020-03-29 03:01:25"
"5,""Sueter JuegoSdeLCalamar C$580"",""Rosado"",""M"",2020-06-14 02:51:02"
"6,""CropTop Planeta C$270"",""Azul"",""M"",2020-07-14 22:39:51"
"1,""Camiseta de Naruto C$240"",""Negro"",""XS"",2021-11-05 07:41:22"
"1,""Camiseta de Naruto C$240"",""Azul"",""XL"",2020-02-07 10:09:44"
"6,""CropTop Planeta C$270"",""Negro"",""L"",2020-03-23 01:23:28"
"2,""Sueter BTSpersonSC$580 "",""Negro"",""S"",2022-03-11 22:05:17"
"7,""Sueter de Rick and Morty C$580"",""Rosado"",""M"",2022-07-19 00:17:06"
"8,""Camiseta Anime C$270"",""Negro"",""L"",2022-05-10 07:11:04"
"5,""Sueter JuegoSdeLCalamar C$580"",""Blanco"",""S"",2020-12-03 21:34:36"
"5,""Sueter JuegoSdeLCalamar C$580"",""Negro"",""M"",2022-03-02 12:13:18"
"2,""Sueter BTSpersonSC$580 "",""Gris"",""M"",2022-04-13 21:21:11"
"7,""Sueter de Rick and Morty C$580"",""Blanco"",""S"",2021-06-26 18:43:36"
"5,""Sueter JuegoSdeLCalamar C$580"",""Rosado"",""XS"",2020-12-13 09:43:52"
"7,""Sueter de Rick and Morty C$580"",""Rosado"",""XL"",2020-04-04 17:23:59"
"2,""Sueter BTSpersonSC$580 "",""Blanco"",""M"",2020-06-09 15:11:32"
"6,""CropTop Planeta C$270"",""Blanco"",""M"",2022-01-28 15:10:26"
"7,""Sueter de Rick and Morty C$580"",""Rosado"",""S"",2021-08-26 19:04:20"
"8,""Camiseta Anime C$270"",""Azul"",""S"",2020-01-03 14:19:53"
"5,""Sueter JuegoSdeLCalamar C$580"",""Negro"",""M"",2022-07-14 03:42:18"
"4,""Camiseta de Stitch C$240"",""Rosado"",""S"",2021-09-03 19:08:40"
"2,""Sueter BTSpersonSC$580 "",""Rosado"",""S"",2020-01-12 08:38:28"
"6,""CropTop Planeta C$270"",""Negro"",""M"",2021-09-23 14:03:47"
"6,""CropTop Planeta C$270"",""Negro"",""S"",2022-04-15 12:50:47"
"3,""Sueter NASA C$580"",""Blanco"",""S"",2020-02-16 15:19:30"
"5,""Sueter JuegoSdeLCalamar C$580"",""Negro"",""L"",2020-03-07 00:01:01"
"8,""Camiseta Anime C$270"",""Rosado"",""XL"",2022-08-26 02:29:23"
"8,""Camiseta Anime C$270"",""Negro"",""S"",2020-05-23 06:38:36"
"4,""Camiseta de Stitch C$240"",""Rosado"",""S"",2021-09-20 06:14:14"
"7,""Sueter de Rick and Morty C$580"",""Blanco"",""XL"",2021-12-28 10:53:17"
"5,""Sueter JuegoSdeLCalamar C$580"",""Negro"",""S"",2020-02-11 07:30:14"
"6,""CropTop Planeta C$270"",""Negro"",""M"",2022-03-26 12:45:19"
"7,""Sueter de Rick and Morty C$580"",""Negro"",""M"",2021-06-02 19:59:49"
"3,""Sueter NASA C$580"",""Blanco"",""XS"",2021-08-18 09:09:41"
"4,""Camiseta de Stitch C$240"",""Blanco"",""XL"",2022-03-20 23:55:46"
"2,""Sueter BTSpersonSC$580 "",""Negro"",""M"",2020-06-16 16:50:49"
"8,""Camiseta Anime C$270"",""Rosado"",""XS"",2022-03-07 01:01:18"
"4,""Camiseta de Stitch C$240"",""Negro"",""XL"",2021-03-20 08:02:31"
"8,""Camiseta Anime C$270"",""Rosado"",""S"",2022-03-01 11:47:41"
"1,""Camiseta de Naruto C$240"",""Negro"",""S"",2020-07-01 22:56:23"
"2,""Sueter BTSpersonSC$580 "",""Negro"",""S"",2021-03-18 01:56:16"
"7,""Sueter de Rick and Morty C$580"",""Azul"",""S"",2020-08-22 13:09:24"
"3,""Sueter NASA C$580"",""Negro"",""L"",2021-06-13 17:08:56"
"7,""Sueter de Rick and Morty C$580"",""Blanco"",""XL"",2021-01-14 17:10:52"
"2,""Sueter BTSpersonSC$580 "",""Blanco"",""M"",2020-10-19 01:45:10"
"4,""Camiseta de Stitch C$240"",""Blanco"",""L"",2022-03-27 08:39:45"
"1,""Camiseta de Naruto C$240"",""Blanco"",""XS"",2021-11-29 22:05:21"
"6,""CropTop Planeta C$270"",""Negro"",""XS"",2022-04-03 20:26:36"
"3,""Sueter NASA C$580"",""Negro"",""L"",2021-05-20 20:53:55"
"2,""Sueter BTSpersonSC$580 "",""Rosado"",""M"",2022-09-03 02:09:57"
"4,""Camiseta de Stitch C$240"",""Negro"",""S"",2022-04-11 12:38:50"
"8,""Camiseta Anime C$270"",""Negro"",""L"",2021-05-19 07:27:26"
"6,""CropTop Planeta C$270"",""Blanco"",""XS"",2021-07-17 01:58:33"
"5,""Sueter JuegoSdeLCalamar C$580"",""Negro"",""M"",2021-03-18 05:13:31"
"3,""Sueter NASA C$580"",""Negro"",""S"",2021-03-15 17:20:49"
"6,""CropTop Planeta C$270"",""Negro"",""XS"",2021-08-17 07:51:21"
"2,""Sueter BTSpersonSC$580 "",""Negro"",""M"",2021-08-27 12:01:44"
"4,""Camiseta de Stitch C$240"",""Blanco"",""S"",2021-09-11 14:57:10"
"1,""Camiseta de Naruto C$240"",""Azul"",""M"",2021-03-18 23:52:51"
"7,""Sueter de Rick and Morty C$580"",""Azul"",""L"",2022-08-30 10:03:16"
"8,""Camiseta Anime C$270"",""Blanco"",""XS"",2021-12-15 21:54:18"
"2,""Sueter BTSpersonSC$580 "",""Gris"",""M"",2022-03-05 13:55:55"
"6,""CropTop Planeta C$270"",""Negro"",""M"",2020-01-05 09:09:44"
"1,""Camiseta de Naruto C$240"",""Rosado"",""S"",2021-04-02 23:06:44"
"7,""Sueter de Rick and Morty C$580"",""Negro"",""L"",2020-05-15 18:35:07"
"2,""Sueter BTSpersonSC$580 "",""Blanco"",""XL"",2022-01-06 07:05:42"
"8,""Camiseta Anime C$270"",""Blanco"",""S"",2021-08-25 20:38:32"
"1,""Camiseta de Naruto C$240"",""Blanco"",""S"",2020-02-19 11:50:44"
"3,""Sueter NASA C$580"",""Gris"",""XS"",2021-03-26 01:20:44"
"5,""Sueter JuegoSdeLCalamar C$580"",""Blanco"",""L"",2020-06-11 21:08:48"
"5,""Sueter JuegoSdeLCalamar C$580"",""Negro"",""XL"",2020-02-25 10:45:22"
"3,""Sueter NASA C$580"",""Negro"",""L"",2020-05-13 11:44:52"
"5,""Sueter JuegoSdeLCalamar C$580"",""Negro"",""S"",2020-02-04 23:18:21"
"8,""Camiseta Anime C$270"",""Blanco"",""M"",2021-04-14 18:17:37"
"1,""Camiseta de Naruto C$240"",""Blanco"",""XL"",2020-12-09 15:00:37"
"8,""Camiseta Anime C$270"",""Negro"",""M"",2021-08-19 03:32:09"
"6,""CropTop Planeta C$270"",""Gris"",""M"",2020-05-18 22:22:27"
"4,""Camiseta de Stitch C$240"",""Rosado"",""M"",2021-04-17 16:33:37"
"5,""Sueter JuegoSdeLCalamar C$580"",""Negro"",""L"",2022-07-14 08:42:01"
"2,""Sueter BTSpersonSC$580 "",""Blanco"",""S"",2020-02-11 19:01:00"
"5,""Sueter JuegoSdeLCalamar C$580"",""Negro"",""XS"",2022-03-19 04:26:11"
"1,""Camiseta de Naruto C$240"",""Negro"",""XL"",2021-12-13 08:06:46"
"4,""Camiseta de Stitch C$240"",""Blanco"",""M"",2021-09-07 11:53:27"
"8,""Camiseta Anime C$270"",""Rosado"",""M"",2020-08-20 09:17:57"
"4,""Camiseta de Stitch C$240"",""Negro"",""S"",2020-11-01 14:06:24"
"2,""Sueter BTSpersonSC$580 "",""Negro"",""L"",2021-04-24 05:54:29"
"8,""Camiseta Anime C$270"",""Blanco"",""M"",2021-11-26 02:43:06"
"3,""Sueter NASA C$580"",""Negro"",""S"",2020-01-21 18:10:21"
"5,""Sueter JuegoSdeLCalamar C$580"",""Gris"",""M"",2022-04-27 12:02:14"
"2,""Sueter BTSpersonSC$580 "",""Azul"",""L"",2021-12-02 17:35:46"
"7,""Sueter de Rick and Morty C$580"",""Rosado"",""XL"",2020-04-13 19:46:11"
"1,""Camiseta de Naruto C$240"",""Negro"",""S"",2020-12-30 13:27:44"
"3,""Sueter NASA C$580"",""Negro"",""S"",2022-04-10 23:11:01"
"7,""Sueter de Rick and Morty C$580"",""Negro"",""XS"",2020-01-21 03:52:17"
"1,""Camiseta de Naruto C$240"",""Azul"",""XL"",2021-07-24 05:56:23"
"7,""Sueter de Rick and Morty C$580"",""Rosado"",""S"",2022-05-24 03:12:54"
"8,""Camiseta Anime C$270"",""Gris"",""XS"",2021-06-02 17:31:08"
"1,""Camiseta de Naruto C$240"",""Rosado"",""M"",2021-06-05 20:46:25"
"4,""Camiseta de Stitch C$240"",""Blanco"",""M"",2020-04-03 19:21:49"
"5,""Sueter JuegoSdeLCalamar C$580"",""Negro"",""S"",2020-07-28 10:42:53"
"8,""Camiseta Anime C$270"",""Negro"",""L"",2022-01-07 07:58:29"
"6,""CropTop Planeta C$270"",""Negro"",""S"",2020-03-29 11:08:46"
"7,""Sueter de Rick and Morty C$580"",""Negro"",""S"",2022-07-18 20:04:17"
"8,""Camiseta Anime C$270"",""Blanco"",""M"",2022-09-06 06:41:28"
"7,""Sueter de Rick and Morty C$580"",""Rosado"",""S"",2021-11-06 18:16:02"
"2,""Sueter BTSpersonSC$580 "",""Blanco"",""M"",2021-08-19 18:53:25"
"2,""Sueter BTSpersonSC$580 "",""Azul"",""XL"",2022-10-02 03:46:58"
"1,""Camiseta de Naruto C$240"",""Negro"",""M"",2020-11-27 01:51:59"
"7,""Sueter de Rick and Morty C$580"",""Negro"",""XS"",2021-11-11 17:20:45"
"4,""Camiseta de Stitch C$240"",""Rosado"",""M"",2020-08-17 20:37:45"
"8,""Camiseta Anime C$270"",""Blanco"",""L"",2022-02-19 14:43:52"
"6,""CropTop Planeta C$270"",""Rosado"",""XL"",2020-09-27 07:45:30"
"5,""Sueter JuegoSdeLCalamar C$580"",""Blanco"",""XS"",2021-07-21 12:15:18"
"2,""Sueter BTSpersonSC$580 "",""Negro"",""M"",2021-03-17 02:25:00"
"4,""Camiseta de Stitch C$240"",""Gris"",""S"",2021-08-19 07:40:53"
"1,""Camiseta de Naruto C$240"",""Negro"",""XL"",2022-08-22 04:44:55"
"7,""Sueter de Rick and Morty C$580"",""Negro"",""M"",2021-02-27 19:13:59"
"2,""Sueter BTSpersonSC$580 "",""Gris"",""XS"",2022-08-04 13:18:23"
"8,""Camiseta Anime C$270"",""Negro"",""M"",2021-02-26 22:33:31"
"8,""Camiseta Anime C$270"",""Negro"",""L"",2022-06-03 20:19:43"
"1,""Camiseta de Naruto C$240"",""Negro"",""XS"",2021-03-28 06:54:43"
"2,""Sueter BTSpersonSC$580 "",""Negro"",""M"",2021-08-19 05:56:03"
"4,""Camiseta de Stitch C$240"",""Gris"",""L"",2021-07-12 14:12:36"
"8,""Camiseta Anime C$270"",""Negro"",""XS"",2021-11-23 04:17:54"
"4,""Camiseta de Stitch C$240"",""Negro"",""XL"",2021-08-01 12:46:55"
"4,""Camiseta de Stitch C$240"",""Azul"",""L"",2021-09-23 21:55:58"
"2,""Sueter BTSpersonSC$580 "",""Blanco"",""M"",2020-01-24 13:41:56"
"7,""Sueter de Rick and Morty C$580"",""Rosado"",""L"",2020-11-14 11:50:59"
"7,""Sueter de Rick and Morty C$580"",""Negro"",""S"",2020-07-16 09:42:00"
"8,""Camiseta Anime C$270"",""Azul"",""XS"",2021-02-09 11:32:18"
"2,""Sueter BTSpersonSC$580 "",""Negro"",""M"",2021-07-23 22:13:09"
"1,""Camiseta de Naruto C$240"",""Negro"",""S"",2020-07-06 17:51:08"
"8,""Camiseta Anime C$270"",""Negro"",""XS"",2021-06-21 20:48:59"
"8,""Camiseta Anime C$270"",""Negro"",""L"",2020-01-02 04:54:43"
"1,""Camiseta de Naruto C$240"",""Negro"",""M"",2020-02-22 09:45:04"
"4,""Camiseta de Stitch C$240"",""Azul"",""L"",2022-02-12 21:19:20"
"6,""CropTop Planeta C$270"",""Rosado"",""S"",2021-04-11 18:23:33"
"5,""Sueter JuegoSdeLCalamar C$580"",""Blanco"",""S"",2020-12-18 02:07:16"
"7,""Sueter de Rick and Morty C$580"",""Blanco"",""XL"",2021-05-07 11:37:07"
"6,""CropTop Planeta C$270"",""Rosado"",""M"",2020-07-08 15:21:16"
"1,""Camiseta de Naruto C$240"",""Rosado"",""M"",2021-01-18 04:09:11"
"1,""Camiseta de Naruto C$240"",""Gris"",""L"",2022-07-05 22:30:17"
"6,""CropTop Planeta C$270"",""Azul"",""M"",2021-03-15 22:28:55"
"4,""Camiseta de Stitch C$240"",""Negro"",""S"",2022-04-30 00:27:59"
"3,""Sueter NASA C$580"",""Negro"",""S"",2021-03-25 22:58:08"
"7,""Sueter de Rick and Morty C$580"",""Gris"",""L"",2021-10-09 05:13:18"
"7,""Sueter de Rick and Morty C$580"",""Azul"",""M"",2020-05-30 23:44:43"
"2,""Sueter BTSpersonSC$580 "",""Blanco"",""M"",2020-06-18 01:46:40"
"3,""Sueter NASA C$580"",""Rosado"",""M"",2020-02-04 19:21:47"
"2,""Sueter BTSpersonSC$580 "",""Blanco"",""XS"",2020-12-02 04:27:54"
"6,""CropTop Planeta C$270"",""Azul"",""XL"",2022-01-22 10:54:35"
"6,""CropTop Planeta C$270"",""Gris"",""S"",2022-04-21 18:37:25"
"7,""Sueter de Rick and Morty C$580"",""Blanco"",""M"",2021-03-24 08:04:46"
"7,""Sueter de Rick and Morty C$580"",""Negro"",""S"",2021-04-02 17:50:23"
"7,""Sueter de Rick and Morty C$580"",""Blanco"",""S"",2022-03-03 21:45:16"
"3,""Sueter NASA C$580"",""Gris"",""S"",2022-02-22 15:57:25"
"2,""Sueter BTSpersonSC$580 "",""Blanco"",""M"",2021-08-02 23:15:59"
"3,""Sueter NASA C$580"",""Negro"",""L"",2022-06-30 07:32:25"
"4,""Camiseta de Stitch C$240"",""Blanco"",""XL"",2020-04-14 14:46:13"
"3,""Sueter NASA C$580"",""Rosado"",""M"",2022-02-27 12:54:21"
"5,""Sueter JuegoSdeLCalamar C$580"",""Blanco"",""S"",2021-03-22 09:07:18"
"8,""Camiseta Anime C$270"",""Azul"",""S"",2022-06-20 13:12:17"
"2,""Sueter BTSpersonSC$580 "",""Azul"",""XL"",2020-07-20 15:45:43"
"7,""Sueter de Rick and Morty C$580"",""Negro"",""XL"",2022-07-25 19:34:56"
"3,""Sueter NASA C$580"",""Azul"",""S"",2021-01-18 14:10:10"
"3,""Sueter NASA C$580"",""Rosado"",""M"",2022-02-11 22:23:46"
"2,""Sueter BTSpersonSC$580 "",""Rosado"",""M"",2020-02-11 16:33:53"
"3,""Sueter NASA C$580"",""Rosado"",""M"",2021-02-18 23:28:10"
"5,""Sueter JuegoSdeLCalamar C$580"",""Blanco"",""S"",2022-02-20 09:19:35"
"5,""Sueter JuegoSdeLCalamar C$580"",""Negro"",""M"",2020-03-15 11:33:22"
"2,""Sueter BTSpersonSC$580 "",""Gris"",""XS"",2020-09-09 11:06:59"
"2,""Sueter BTSpersonSC$580 "",""Rosado"",""S"",2022-07-02 16:43:36"
"3,""Sueter NASA C$580"",""Blanco"",""S"",2022-08-25 21:53:01"
"3,""Sueter NASA C$580"",""Rosado"",""S"",2021-03-24 06:41:26"
"6,""CropTop Planeta C$270"",""Negro"",""XS"",2020-07-24 19:36:10"
"6,""CropTop Planeta C$270"",""Negro"",""M"",2020-08-24 10:35:50"
"5,""Sueter JuegoSdeLCalamar C$580"",""Negro"",""M"",2020-04-27 13:22:47"
"1,""Camiseta de Naruto C$240"",""Negro"",""S"",2020-01-09 21:08:34"
"3,""Sueter NASA C$580"",""Blanco"",""S"",2022-06-01 15:23:14"
"7,""Sueter de Rick and Morty C$580"",""Negro"",""M"",2021-02-05 07:31:39"
"6,""CropTop Planeta C$270"",""Azul"",""XS"",2020-06-28 01:45:49"
"3,""Sueter NASA C$580"",""Blanco"",""M"",2020-02-28 13:44:49"
"1,""Camiseta de Naruto C$240"",""Negro"",""M"",2022-03-06 06:00:04"
"8,""Camiseta Anime C$270"",""Negro"",""M"",2022-04-01 18:27:20"
"6,""CropTop Planeta C$270"",""Negro"",""XS"",2022-06-30 23:25:15"
"4,""Camiseta de Stitch C$240"",""Gris"",""S"",2021-07-10 23:34:18"
"7,""Sueter de Rick and Morty C$580"",""Negro"",""L"",2021-11-25 09:51:01"
"6,""CropTop Planeta C$270"",""Rosado"",""XL"",2021-03-16 09:38:55"
"2,""Sueter BTSpersonSC$580 "",""Negro"",""S"",2022-02-23 18:40:40"
"6,""CropTop Planeta C$270"",""Negro"",""S"",2021-07-04 12:44:45"
"5,""Sueter JuegoSdeLCalamar C$580"",""Azul"",""M"",2022-04-28 16:23:26"
"1,""Camiseta de Naruto C$240"",""Rosado"",""M"",2022-01-18 20:49:45"
"4,""Camiseta de Stitch C$240"",""Blanco"",""M"",2020-05-19 06:12:50"
"7,""Sueter de Rick and Morty C$580"",""Blanco"",""XS"",2020-11-17 22:03:56"
"2,""Sueter BTSpersonSC$580 "",""Negro"",""M"",2022-01-03 03:35:38"
"6,""CropTop Planeta C$270"",""Azul"",""M"",2020-12-24 19:21:04"
"1,""Camiseta de Naruto C$240"",""Negro"",""S"",2022-08-19 04:21:50"
"4,""Camiseta de Stitch C$240"",""Azul"",""XL"",2022-02-02 18:45:35"
"2,""Sueter BTSpersonSC$580 "",""Negro"",""L"",2022-01-09 22:00:24"
"7,""Sueter de Rick and Morty C$580"",""Negro"",""M"",2021-02-15 21:22:43"
"4,""Camiseta de Stitch C$240"",""Gris"",""XS"",2020-04-02 00:23:37"
"2,""Sueter BTSpersonSC$580 "",""Negro"",""S"",2022-09-12 19:58:27"
"2,""Sueter BTSpersonSC$580 "",""Azul"",""S"",2020-02-25 14:49:01"
"6,""CropTop Planeta C$270"",""Negro"",""XL"",2020-09-20 07:19:19"
"7,""Sueter de Rick and Morty C$580"",""Blanco"",""M"",2020-01-02 19:38:17"
"5,""Sueter JuegoSdeLCalamar C$580"",""Gris"",""S"",2021-04-19 01:44:40"
"3,""Sueter NASA C$580"",""Blanco"",""S"",2020-11-18 00:51:54"
"6,""CropTop Planeta C$270"",""Negro"",""S"",2022-06-24 02:36:11"
"4,""Camiseta de Stitch C$240"",""Negro"",""S"",2020-11-02 13:03:38"
"8,""Camiseta Anime C$270"",""Negro"",""XS"",2020-10-29 09:10:34"
"1,""Camiseta de Naruto C$240"",""Rosado"",""S"",2021-04-07 17:35:40"
"4,""Camiseta de Stitch C$240"",""Negro"",""L"",2022-05-23 06:17:44"
"5,""Sueter JuegoSdeLCalamar C$580"",""Negro"",""M"",2022-08-19 08:16:32"
"2,""Sueter BTSpersonSC$580 "",""Blanco"",""L"",2022-10-03 19:11:00"
"1,""Camiseta de Naruto C$240"",""Gris"",""XL"",2021-09-26 05:46:00"
"7,""Sueter de Rick and Morty C$580"",""Rosado"",""L"",2020-03-02 14:53:53"
"1,""Camiseta de Naruto C$240"",""Rosado"",""M"",2021-06-02 23:33:47"
"3,""Sueter NASA C$580"",""Negro"",""L"",2022-04-13 07:43:11"
"5,""Sueter JuegoSdeLCalamar C$580"",""Gris"",""XS"",2021-04-03 20:14:03"
"8,""Camiseta Anime C$270"",""Blanco"",""XS"",2020-07-13 21:18:58"
"8,""Camiseta Anime C$270"",""Negro"",""M"",2022-06-20 14:08:03"
"8,""Camiseta Anime C$270"",""Rosado"",""S"",2022-07-24 01:51:31"
"2,""Sueter BTSpersonSC$580 "",""Azul"",""XS"",2021-08-11 02:00:31"
"4,""Camiseta de Stitch C$240"",""Negro"",""M"",2020-08-25 15:48:04"
"7,""Sueter de Rick and Morty C$580"",""Negro"",""S"",2020-02-26 21:25:11"
"4,""Camiseta de Stitch C$240"",""Negro"",""XS"",2022-10-06 06:48:02"
"4,""Camiseta de Stitch C$240"",""Rosado"",""L"",2020-04-27 02:24:35"
"4,""Camiseta de Stitch C$240"",""Gris"",""S"",2021-08-26 21:16:12"
"1,""Camiseta de Naruto C$240"",""Azul"",""XL"",2021-01-04 10:43:05"
"5,""Sueter JuegoSdeLCalamar C$580"",""Blanco"",""L"",2021-11-08 12:18:50"
"2,""Sueter BTSpersonSC$580 "",""Rosado"",""M"",2021-03-06 00:35:21"
"3,""Sueter NASA C$580"",""Negro"",""L"",2021-05-24 08:37:32"
"5,""Sueter JuegoSdeLCalamar C$580"",""Blanco"",""S"",2020-08-06 12:37:04"
"4,""Camiseta de Stitch C$240"",""Negro"",""XS"",2021-01-21 20:06:27"
"8,""Camiseta Anime C$270"",""Azul"",""S"",2022-09-16 13:04:10"
"1,""Camiseta de Naruto C$240"",""Blanco"",""M"",2021-04-10 03:12:55"
"8,""Camiseta Anime C$270"",""Negro"",""S"",2022-09-25 09:29:53"
"1,""Camiseta de Naruto C$240"",""Gris"",""M"",2020-09-17 05:33:36"
"6,""CropTop Planeta C$270"",""Negro"",""XS"",2021-01-29 05:27:48"
"6,""CropTop Planeta C$270"",""Rosado"",""L"",2021-11-29 08:54:12"
"5,""Sueter JuegoSdeLCalamar C$580"",""Blanco"",""M"",2020-05-12 13:58:41"
"2,""Sueter BTSpersonSC$580 "",""Negro"",""S"",2020-02-01 02:26:09"
"7,""Sueter de Rick and Morty C$580"",""Negro"",""XS"",2021-08-23 15:09:52"
"5,""Sueter JuegoSdeLCalamar C$580"",""Azul"",""M"",2021-04-14 17:14:32"
"1,""Camiseta de Naruto C$240"",""Blanco"",""L"",2022-05-22 15:40:43"
"2,""Sueter BTSpersonSC$580 "",""Rosado"",""L"",2021-01-19 17:48:27"
"4,""Camiseta de Stitch C$240"",""Azul"",""S"",2021-10-02 04:29:27"
"4,""Camiseta de Stitch C$240"",""Blanco"",""L"",2022-10-10 03:15:03"
"8,""Camiseta Anime C$270"",""Negro"",""XS"",2021-10-18 08:24:04"
"2,""Sueter BTSpersonSC$580 "",""Blanco"",""XS"",2022-03-26 06:40:00"
"3,""Sueter NASA C$580"",""Negro"",""L"",2020-03-27 09:38:11"
"2,""Sueter BTSpersonSC$580 "",""Rosado"",""L"",2021-08-11 19:36:29"
"7,""Sueter de Rick and Morty C$580"",""Gris"",""XL"",2021-08-07 23:52:50"
"7,""Sueter de Rick and Morty C$580"",""Rosado"",""L"",2020-08-30 10:52:19"
"3,""Sueter NASA C$580"",""Negro"",""S"",2022-10-01 07:22:18"
"2,""Sueter BTSpersonSC$580 "",""Negro"",""XL"",2020-07-28 15:14:51"
"3,""Sueter NASA C$580"",""Azul"",""XL"",2021-04-10 07:31:52"
"4,""Camiseta de Stitch C$240"",""Rosado"",""L"",2022-07-23 10:21:05"
"8,""Camiseta Anime C$270"",""Negro"",""M"",2020-02-19 01:07:11"
"2,""Sueter BTSpersonSC$580 "",""Negro"",""M"",2020-04-11 23:07:37"
"1,""Camiseta de Naruto C$240"",""Blanco"",""XL"",2022-02-02 10:27:18"
"3,""Sueter NASA C$580"",""Blanco"",""L"",2022-07-27 09:39:36"
"8,""Camiseta Anime C$270"",""Negro"",""XS"",2022-09-10 19:50:58"
"7,""Sueter de Rick and Morty C$580"",""Negro"",""XS"",2021-03-25 22:58:08"
"8,""Camiseta Anime C$270"",""Negro"",""M"",2021-09-03 19:08:40"
"7,""Sueter de Rick and Morty C$580"",""Gris"",""XS"",2021-03-20 08:02:31"
"7,""Sueter de Rick and Morty C$580"",""Azul"",""M"",2021-12-28 10:53:17"
"3,""Sueter NASA C$580"",""Blanco"",""XL"",2021-05-07 11:37:07"
"3,""Sueter NASA C$580"",""Azul"",""S"",2022-06-01 15:23:14"
"5,""Sueter JuegoSdeLCalamar C$580"",""Rosado"",""XL"",2022-07-18 20:04:17"
"4,""Camiseta de Stitch C$240"",""Gris"",""XS"",2021-12-02 17:35:46"
"7,""Sueter de Rick and Morty C$580"",""Negro"",""XL"",2022-02-22 15:57:25"
"6,""CropTop Planeta C$270"",""Gris"",""M"",2022-04-21 18:37:25"
"8,""Camiseta Anime C$270"",""Negro"",""XL"",2021-04-02 17:50:23"
"2,""Sueter BTSpersonSC$580 "",""Negro"",""M"",2021-03-26 01:20:44"
"6,""CropTop Planeta C$270"",""Negro"",""XS"",2021-08-17 07:51:21"
"8,""Camiseta Anime C$270"",""Blanco"",""M"",2021-04-10 07:31:52"
"8,""Camiseta Anime C$270"",""Negro"",""S"",2022-05-23 06:17:44"
"8,""Camiseta Anime C$270"",""Blanco"",""S"",2020-01-05 09:09:44"
"5,""Sueter JuegoSdeLCalamar C$580"",""Azul"",""XS"",2021-07-04 12:44:45"
"8,""Camiseta Anime C$270"",""Rosado"",""XS"",2020-10-21 22:20:24"
"6,""CropTop Planeta C$270"",""Negro"",""M"",2021-10-02 04:29:27"
"3,""Sueter NASA C$580"",""Negro"",""M"",2022-07-14 03:42:18"
"5,""Sueter JuegoSdeLCalamar C$580"",""Negro"",""L"",2021-02-27 19:13:59"
"6,""CropTop Planeta C$270"",""Negro"",""M"",2022-09-12 19:58:27"
"3,""Sueter NASA C$580"",""Blanco"",""L"",2021-09-07 11:53:27"
"6,""CropTop Planeta C$270"",""Negro"",""XS"",2021-02-18 23:28:10"
"3,""Sueter NASA C$580"",""Negro"",""XS"",2022-08-04 13:18:23"
"8,""Camiseta Anime C$270"",""Negro"",""L"",2020-06-11 21:08:48"
"4,""Camiseta de Stitch C$240"",""Blanco"",""XS"",2022-03-07 01:01:18"
"6,""CropTop Planeta C$270"",""Negro"",""XS"",2021-03-18 23:52:51"
"1,""Camiseta de Naruto C$240"",""Rosado"",""M"",2020-12-24 19:21:04"
"4,""Camiseta de Stitch C$240"",""Negro"",""S"",2020-12-03 21:34:36"
"6,""CropTop Planeta C$270"",""Negro"",""XS"",2021-05-29 08:23:48"
"8,""Camiseta Anime C$270"",""Negro"",""S"",2022-06-30 07:32:25"
"8,""Camiseta Anime C$270"",""Negro"",""M"",2020-09-27 07:45:30"
"2,""Sueter BTSpersonSC$580 "",""Rosado"",""XL"",2022-10-03 19:11:00"
"8,""Camiseta Anime C$270"",""Gris"",""M"",2020-03-22 11:01:03"
"1,""Camiseta de Naruto C$240"",""Rosado"",""XS"",2020-09-17 05:33:36"
"3,""Sueter NASA C$580"",""Negro"",""S"",2020-01-24 13:41:56"
"5,""Sueter JuegoSdeLCalamar C$580"",""Azul"",""S"",2022-03-19 04:26:11"
"7,""Sueter de Rick and Morty C$580"",""Negro"",""XL"",2022-03-02 12:13:18"
"5,""Sueter JuegoSdeLCalamar C$580"",""Azul"",""L"",2020-02-28 13:44:49"
"4,""Camiseta de Stitch C$240"",""Blanco"",""S"",2022-01-22 10:54:35"
"6,""CropTop Planeta C$270"",""Negro"",""XS"",2020-11-09 13:52:34"
"5,""Sueter JuegoSdeLCalamar C$580"",""Gris"",""L"",2022-09-16 13:04:10"
"6,""CropTop Planeta C$270"",""Negro"",""XL"",2020-01-12 08:38:28"
"4,""Camiseta de Stitch C$240"",""Blanco"",""XL"",2020-05-12 13:58:41"
"5,""Sueter JuegoSdeLCalamar C$580"",""Negro"",""S"",2022-07-14 08:42:01"
"6,""CropTop Planeta C$270"",""Blanco"",""L"",2022-06-30 23:25:15"
"3,""Sueter NASA C$580"",""Negro"",""XL"",2021-02-09 11:32:18"
"7,""Sueter de Rick and Morty C$580"",""Negro"",""S"",2021-08-19 18:53:25"
"6,""CropTop Planeta C$270"",""Negro"",""M"",2021-07-10 23:34:18"
"6,""CropTop Planeta C$270"",""Negro"",""S"",2020-02-26 21:25:11"
"8,""Camiseta Anime C$270"",""Negro"",""XS"",2020-09-20 07:19:19"
"6,""CropTop Planeta C$270"",""Azul"",""M"",2022-08-25 21:53:01"
"4,""Camiseta de Stitch C$240"",""Negro"",""L"",2021-05-24 08:37:32"
"2,""Sueter BTSpersonSC$580 "",""Negro"",""XS"",2021-01-09 07:06:44"
"8,""Camiseta Anime C$270"",""Blanco"",""S"",2021-04-17 16:33:37"
"8,""Camiseta Anime C$270"",""Rosado"",""L"",2021-01-19 17:48:27"
"8,""Camiseta Anime C$270"",""Negro"",""XL"",2021-09-23 14:03:47"
"3,""Sueter NASA C$580"",""Blanco"",""S"",2021-07-12 14:12:36"
"4,""Camiseta de Stitch C$240"",""Negro"",""XL"",2021-01-14 09:21:14"
"8,""Camiseta Anime C$270"",""Gris"",""XS"",2021-08-18 09:09:41"
"7,""Sueter de Rick and Morty C$580"",""Gris"",""XS"",2021-08-19 07:40:53"
"4,""Camiseta de Stitch C$240"",""Blanco"",""XS"",2021-03-27 01:06:40"
"3,""Sueter NASA C$580"",""Negro"",""S"",2021-04-14 18:17:37"
"1,""Camiseta de Naruto C$240"",""Blanco"",""XL"",2020-11-18 00:51:54"
"5,""Sueter JuegoSdeLCalamar C$580"",""Gris"",""S"",2021-10-05 20:36:08"
"7,""Sueter de Rick and Morty C$580"",""Negro"",""XL"",2021-07-07 02:43:10"
"8,""Camiseta Anime C$270"",""Negro"",""M"",2020-07-06 17:51:08"
"8,""Camiseta Anime C$270"",""Gris"",""M"",2020-02-25 10:45:22"
"2,""Sueter BTSpersonSC$580 "",""Negro"",""M"",2020-10-29 09:10:34"
"5,""Sueter JuegoSdeLCalamar C$580"",""Negro"",""S"",2021-03-15 17:20:49"
"6,""CropTop Planeta C$270"",""Blanco"",""L"",2022-03-20 23:55:46"
"7,""Sueter de Rick and Morty C$580"",""Gris"",""S"",2021-07-24 05:56:23"
"3,""Sueter NASA C$580"",""Negro"",""L"",2020-12-30 13:27:44"
"2,""Sueter BTSpersonSC$580 "",""Gris"",""M"",2021-06-13 17:08:56"
"1,""Camiseta de Naruto C$240"",""Negro"",""M"",2020-07-08 15:21:16"
"6,""CropTop Planeta C$270"",""Azul"",""L"",2022-04-15 12:50:47"
"8,""Camiseta Anime C$270"",""Blanco"",""M"",2020-07-14 22:39:51"
"7,""Sueter de Rick and Morty C$580"",""Gris"",""M"",2022-05-24 03:12:54"
"8,""Camiseta Anime C$270"",""Negro"",""L"",2020-02-19 11:50:44"
"7,""Sueter de Rick and Morty C$580"",""Negro"",""S"",2022-02-12 21:19:20"
"5,""Sueter JuegoSdeLCalamar C$580"",""Blanco"",""XL"",2022-05-22 15:40:43"
"1,""Camiseta de Naruto C$240"",""Negro"",""XS"",2021-03-15 22:28:55"
"7,""Sueter de Rick and Morty C$580"",""Negro"",""M"",2020-03-15 11:33:22"
"6,""CropTop Planeta C$270"",""Blanco"",""XS"",2022-09-06 06:41:28"
"3,""Sueter NASA C$580"",""Negro"",""M"",2021-08-26 21:16:12"
"2,""Sueter BTSpersonSC$580 "",""Azul"",""XL"",2020-08-17 20:37:45"
"5,""Sueter JuegoSdeLCalamar C$580"",""Negro"",""XS"",2021-11-06 18:16:02"
"4,""Camiseta de Stitch C$240"",""Gris"",""L"",2021-11-25 09:51:01"
"7,""Sueter de Rick and Morty C$580"",""Negro"",""L"",2022-10-01 07:22:18"
"1,""Camiseta de Naruto C$240"",""Blanco"",""XS"",2021-02-09 14:47:37"
"2,""Sueter BTSpersonSC$580 "",""Negro"",""XL"",2021-06-02 19:59:49"
"4,""Camiseta de Stitch C$240"",""Negro"",""XL"",2020-06-16 16:50:49"
"5,""Sueter JuegoSdeLCalamar C$580"",""Azul"",""S"",2021-01-24 09:32:26"
"6,""CropTop Planeta C$270"",""Rosado"",""S"",2021-01-04 10:43:05"
"8,""Camiseta Anime C$270"",""Negro"",""L"",2020-01-03 14:19:53"
"7,""Sueter de Rick and Morty C$580"",""Negro"",""L"",2021-05-20 20:53:55"
"1,""Camiseta de Naruto C$240"",""Negro"",""XL"",2022-05-10 07:11:04"
"3,""Sueter NASA C$580"",""Rosado"",""S"",2021-05-10 10:04:12"
"6,""CropTop Planeta C$270"",""Gris"",""XL"",2020-03-29 03:01:25"
"7,""Sueter de Rick and Morty C$580"",""Negro"",""M"",2022-09-03 02:09:57"
"5,""Sueter JuegoSdeLCalamar C$580"",""Negro"",""M"",2021-11-23 04:17:54"
"6,""CropTop Planeta C$270"",""Negro"",""XL"",2022-08-19 04:21:50"
"6,""CropTop Planeta C$270"",""Gris"",""M"",2021-03-24 08:04:46"
"8,""Camiseta Anime C$270"",""Negro"",""S"",2021-04-11 18:23:33"
"5,""Sueter JuegoSdeLCalamar C$580"",""Negro"",""XS"",2020-12-18 02:07:16"
"3,""Sueter NASA C$580"",""Gris"",""S"",2022-03-26 12:45:19"
"1,""Camiseta de Naruto C$240"",""Negro"",""S"",2021-06-02 23:33:47"
"1,""Camiseta de Naruto C$240"",""Azul"",""S"",2020-01-21 18:10:21"
"3,""Sueter NASA C$580"",""Negro"",""M"",2021-09-11 14:57:10"
"3,""Sueter NASA C$580"",""Negro"",""M"",2022-06-24 02:36:11"
"1,""Camiseta de Naruto C$240"",""Negro"",""L"",2021-09-26 05:46:00"
"8,""Camiseta Anime C$270"",""Negro"",""L"",2020-02-11 16:33:53"
"8,""Camiseta Anime C$270"",""Blanco"",""L"",2020-07-16 09:42:00"
"4,""Camiseta de Stitch C$240"",""Rosado"",""S"",2021-09-23 21:55:58"
"5,""Sueter JuegoSdeLCalamar C$580"",""Blanco"",""M"",2021-08-25 20:38:32"
"2,""Sueter BTSpersonSC$580 "",""Negro"",""L"",2020-02-22 09:45:04"
"8,""Camiseta Anime C$270"",""Negro"",""XS"",2021-02-05 07:31:39"
"2,""Sueter BTSpersonSC$580 "",""Negro"",""XS"",2022-02-13 01:07:55"
"8,""Camiseta Anime C$270"",""Blanco"",""XL"",2020-12-13 09:43:52"
"5,""Sueter JuegoSdeLCalamar C$580"",""Negro"",""M"",2020-12-09 15:00:37"
"2,""Sueter BTSpersonSC$580 "",""Blanco"",""XS"",2020-06-14 02:51:02"
"8,""Camiseta Anime C$270"",""Blanco"",""XL"",2022-06-20 14:08:03"
"7,""Sueter de Rick and Morty C$580"",""Blanco"",""M"",2022-07-24 01:51:31"
"3,""Sueter NASA C$580"",""Blanco"",""XS"",2021-11-05 07:41:22"
"4,""Camiseta de Stitch C$240"",""Blanco"",""M"",2022-07-25 19:34:56"
"7,""Sueter de Rick and Morty C$580"",""Blanco"",""L"",2020-04-13 19:46:11"
"4,""Camiseta de Stitch C$240"",""Gris"",""XL"",2020-03-23 01:23:28"
"6,""CropTop Planeta C$270"",""Negro"",""XL"",2021-06-26 18:43:36"
"2,""Sueter BTSpersonSC$580 "",""Blanco"",""M"",2020-01-09 21:08:34"
"2,""Sueter BTSpersonSC$580 "",""Blanco"",""M"",2022-01-07 07:58:29"
"3,""Sueter NASA C$580"",""Gris"",""M"",2021-03-17 02:25:00"
"4,""Camiseta de Stitch C$240"",""Rosado"",""M"",2021-03-18 05:13:31"
"5,""Sueter JuegoSdeLCalamar C$580"",""Azul"",""M"",2021-04-19 01:44:40"
"5,""Sueter JuegoSdeLCalamar C$580"",""Azul"",""M"",2020-02-11 07:30:14"
"8,""Camiseta Anime C$270"",""Negro"",""XL"",2022-05-10 19:11:15"
"6,""CropTop Planeta C$270"",""Negro"",""XS"",2021-04-14 17:14:32"
"6,""CropTop Planeta C$270"",""Blanco"",""M"",2020-04-11 23:07:37"
"6,""CropTop Planeta C$270"",""Gris"",""XL"",2021-02-02 17:49:52"
"4,""Camiseta de Stitch C$240"",""Rosado"",""S"",2022-04-28 16:23:26"
"2,""Sueter BTSpersonSC$580 "",""Blanco"",""L"",2022-04-13 21:21:11"
"7,""Sueter de Rick and Morty C$580"",""Blanco"",""XS"",2021-05-31 15:01:38"
"1,""Camiseta de Naruto C$240"",""Negro"",""XS"",2022-04-13 07:43:11"
"2,""Sueter BTSpersonSC$580 "",""Negro"",""L"",2020-07-01 22:56:23"
"1,""Camiseta de Naruto C$240"",""Gris"",""S"",2020-05-19 06:12:50"
"2,""Sueter BTSpersonSC$580 "",""Negro"",""M"",2022-02-02 10:27:18"
"7,""Sueter de Rick and Morty C$580"",""Blanco"",""L"",2020-02-25 14:49:01"
"4,""Camiseta de Stitch C$240"",""Azul"",""XS"",2020-04-04 17:23:59"
"1,""Camiseta de Naruto C$240"",""Negro"",""M"",2022-08-26 02:29:23"
"5,""Sueter JuegoSdeLCalamar C$580"",""Negro"",""XL"",2022-01-03 03:35:38"
"3,""Sueter NASA C$580"",""Azul"",""XL"",2021-12-13 08:06:46"
"8,""Camiseta Anime C$270"",""Blanco"",""XS"",2022-07-05 22:30:17"
"1,""Camiseta de Naruto C$240"",""Azul"",""L"",2021-06-02 17:31:08"
"3,""Sueter NASA C$580"",""Blanco"",""S"",2022-03-05 13:55:55"
"1,""Camiseta de Naruto C$240"",""Azul"",""M"",2021-12-15 21:54:18"
"4,""Camiseta de Stitch C$240"",""Gris"",""S"",2021-01-18 04:09:11"
"8,""Camiseta Anime C$270"",""Gris"",""XL"",2020-06-18 01:46:40"
"2,""Sueter BTSpersonSC$580 "",""Blanco"",""M"",2022-01-06 07:05:42"
"6,""CropTop Planeta C$270"",""Rosado"",""XS"",2020-02-04 23:18:21"
"7,""Sueter de Rick and Morty C$580"",""Gris"",""L"",2020-06-21 19:44:27"
"7,""Sueter de Rick and Morty C$580"",""Gris"",""XL"",2021-11-29 08:54:12"
"4,""Camiseta de Stitch C$240"",""Negro"",""S"",2021-11-26 02:43:06"
"5,""Sueter JuegoSdeLCalamar C$580"",""Blanco"",""M"",2020-12-02 04:27:54"
"3,""Sueter NASA C$580"",""Blanco"",""XS"",2022-01-18 20:49:45"
"3,""Sueter NASA C$580"",""Blanco"",""XL"",2021-03-16 09:38:55"
"8,""Camiseta Anime C$270"",""Blanco"",""XS"",2022-03-06 06:00:04"
"4,""Camiseta de Stitch C$240"",""Negro"",""M"",2020-02-07 10:09:44"
"5,""Sueter JuegoSdeLCalamar C$580"",""Azul"",""L"",2022-10-02 03:46:58"
"6,""CropTop Planeta C$270"",""Blanco"",""XS"",2021-12-01 15:28:05"
"3,""Sueter NASA C$580"",""Negro"",""L"",2020-08-30 10:52:19"
"2,""Sueter BTSpersonSC$580 "",""Rosado"",""M"",2022-10-10 03:15:03"
"5,""Sueter JuegoSdeLCalamar C$580"",""Negro"",""M"",2021-02-15 21:22:43"
"1,""Camiseta de Naruto C$240"",""Gris"",""XL"",2022-08-22 04:44:55"
"2,""Sueter BTSpersonSC$580 "",""Gris"",""M"",2021-04-24 05:54:29"
"2,""Sueter BTSpersonSC$580 "",""Negro"",""M"",2021-03-28 06:54:43"
"5,""Sueter JuegoSdeLCalamar C$580"",""Gris"",""M"",2020-03-29 11:08:46"
"8,""Camiseta Anime C$270"",""Negro"",""XL"",2020-08-25 15:48:04"
"8,""Camiseta Anime C$270"",""Negro"",""XS"",2022-03-11 22:05:17"
"7,""Sueter de Rick and Morty C$580"",""Negro"",""M"",2021-10-18 08:24:04"
"2,""Sueter BTSpersonSC$580 "",""Blanco"",""S"",2021-03-18 01:56:16"
"5,""Sueter JuegoSdeLCalamar C$580"",""Gris"",""XL"",2022-04-16 23:31:23"
"8,""Camiseta Anime C$270"",""Negro"",""L"",2020-03-05 01:09:30"
"3,""Sueter NASA C$580"",""Rosado"",""S"",2021-08-07 23:52:50"
"7,""Sueter de Rick and Morty C$580"",""Negro"",""M"",2021-01-14 17:10:52"
"2,""Sueter BTSpersonSC$580 "",""Negro"",""XS"",2021-09-20 06:14:14"
"2,""Sueter BTSpersonSC$580 "",""Azul"",""S"",2021-04-03 20:14:03"
"3,""Sueter NASA C$580"",""Negro"",""XS"",2022-04-27 12:02:14"
"2,""Sueter BTSpersonSC$580 "",""Negro"",""XL"",2020-04-03 19:21:49"
"6,""CropTop Planeta C$270"",""Negro"",""S"",2021-08-19 03:32:09"
"4,""Camiseta de Stitch C$240"",""Negro"",""XS"",2020-07-28 15:14:51"
"1,""Camiseta de Naruto C$240"",""Gris"",""S"",2020-08-29 00:05:52"
"8,""Camiseta Anime C$270"",""Negro"",""XL"",2020-06-28 01:45:49"
"1,""Camiseta de Naruto C$240"",""Rosado"",""XS"",2020-05-23 06:38:36"
"5,""Sueter JuegoSdeLCalamar C$580"",""Gris"",""S"",2021-01-21 20:06:27"
